s,key,genre,type,sms,smb,scel,bfid,jbj,jguit,jmand,dbs,pguit,♫ex1,♫ex2,tab1,tab2,lesson,extra1,extra2,mtuning,ftuning,chord prog.,
A Little Heart's Ease,G,,,y,y,,,,,,,,,,,,,,,,,,
Angeline the Baker,D,bluegrass,,y,y,y,y,y,y,y,y,,yt,,,,fiddle,,,,,,
Apple Blossom,,old time,,~,~,,*,,,,,,clarridge,,,,molsky on peghead,,,,ADAE,,
April's Waltz,G,,,,,~,,,,,,,youtube,,,,,,,,,,
Arkansas Traveler,D,bluegrass,,y,y,y,y,y,y,y,y,,kaufman,m_lesson,mando,,iwalsh,maine guy,,,,,
Ashland Breakdown,C,bluegrass,reel,y,y,,y,,,,,,rob ickes,pikelny,,,,,,,,,
Ashokan Farewell,D,old time,waltz,y,~,,y,y,y,y,,,jay ungar,grisman/kobialka,,,HS:Ungar,string quartet,"bush, hicks, brown",,,,
Back Up and Push,C,bluegrass,,~,y,*,y,y,y,y,,,baker,geet&fid,tef collection,,fiddle,youtube,mando,,,extra lick,
Bally Desmond Polka,A,irish,polka,y,,,y,,,,,,,,,,,,,,,,
Banish Misfortune,D,irish,jig,y,,,y,,,,,,,octave,mando,stand. not.,iwalsh,,,,,,
Banks of the Ohio,E,old time,,y,y,,*,,y,,,,grooveshark,,,,fiddle,on academy,,,,,
Banshee,G,irish,reel,,,,y,,,,,,fiddle,bad cello,,,,,,,,,
Beaumont Rag,D,bluegrass,,y,y,,~,,y,,,,,craig duncan in F,,,,,,,,,
Big Fiddle,?,?,reel,,,~,~,,,,,,,,,,,,,,,,
Big John McNeil,A,bluegrass,,y,y,,y,,,,,,kaufman,,stand.not.,standnot2,flesson,johnfiddle,,,,,
Big Mon,A,bluegrass,,y,~,,y,,y,y,,,yt fiddle,yt fiddle2,,,,flamekeeper,,,,,
Big Sandy River,A,bluegrass,,y,y,,y,y,y,y,y,,monroe,yt fid+mando,mando,,flesson,banjo,,,,,
Big Sciota (Big Scioty),G,bluegrass,,y,y,y,y,y,y,y,,,,ungar&bain,,,fiddle,fiddle2,mando,,,,
Bile 'Em Cabbage Down,A,bluegrass,,y,y,*,*,,,,,,,,,,fiddle,fiddle2,,,,,
Bill Cheatham,A,bluegrass,reel,y,y,,y,y,y,y,y,,pearly blue,,,,fiddle,mando solo,,,,,
Bill Sullivan's Polka,D,irish,polka,y,,,y,,,,,,,,mando,,,,,,,,
Bill's Dream,G,bluegrass,,y,y,,y,,,,,,monroe,mando,,,,baldassari,,,,,
Billy in the Lowground,C,bluegrass,,y,y,y,y,,y,y,,,,,,,fiddle,,,,,,
Birdie,C,bluegrass,breakdown,y,y,,y,,,,,,hartford,,info,,,,,,,,
Birdland Bounce,Dm,jazz/bluegrass,,y,y,,y,,,,,,baldassari,tony rice,,,,,,,,,
Black Canyon,Gm,bluegrass,,y,y,,y,,,,,,old town album,,,,,,,,,,
Blackberry Blossom,G,bluegrass,,y,y,y,y,,y,y,,,,mando,,,fiddle,fiddle,mando,,,,
Blue Eagle,D,bluegrass,hornpipe,y,~,,*,,,,,,fiddle,mando,guitar,,,,,,,,
Blue Goose,G,old time,reel,,,,y,,,,,,bthomas,,,,molsky peghead,,,,,,
Blue River Waltz,C,old time,waltz,y,y,*,y,,,,,,ungar,casey willis,sheet,,,,,,,,
Bluegrass Special,A,bluegrass,,y,y,,,,,,,,monroe,,,,,,,,,,
Bluegrass Stomp,D,bluegrass,stomp,y,y,,y,,y,y,,,,,,,,,,,,,
Bluegrass Twist,G,bluegrass,,y,y,,,,,,,,mccoury,,,,,,,,,,
Bonaparte Crossing the Rhine,D,old time,,y,y,y,y,y,y,y,,,,mandoliniana,,,,,,,,,
Bonaparte Crossing the Rockies,Am,old time,,y,y,,y,y,y,y,,,mandoliniana,fiddle,tef,,,grooveshark,fast bluegrass,,,,
Bonaparte's Retreat,D,old time,,*,*,,~,,,,,,stepp fiddle,,,,,,,,,,
Bonnie Kate,D,irish,reel,,,,y,,,,,,,,,,kevin burke,,,,,,
Boston Boy,C,bluegrass,,y,y,,y,,y,,,,extravaganza,,,,,,,,,,
Boys of Malin,A,irish,reel,y,~,,y,,,,,,fiddle,ciarin tourish,,,,grooveshark,,,,,
Brenda Stubbert's Reel,Am,cape breton,reel,y,y,,y,,,,,,,mando,sheet,,slow fiddle,,,,,,
Breton Gavottes,Am,breton,gavotte,,,,y,,,,,,,,,,,,,,,,
Brian Boru's March,Am,irish,march,y,~,,y,,,,,,grooveshark,,mando,,,cafe,,,,,
Brilliancy,A,old time,,y,y,,y,,,y,,,http://grooveshark.com/s/Brilliancy/4YNNQC?src=5,,,,,,,,,,
Britches Full of Stitches,A,irish,polka,y,~,,y,,y,y,,,,,tab,,,,,,,,
Brown County Breakdown,E,bluegrass,reel,y,y,,y,,y,y,,,kenny baker,,,,,,,,,,
Buffalo Gals,,old time,,,,,~,,,,,,fiddle & claw,,,,,,,,,,
Bumblebee in a Jug,,old time,,y,y,,y,,,,,,hartford,fiddle/guitar,,,,,,,,,
"Butterfly, The",Em,irish,slip jig,y,y,y,y,,,,,,mando1,mando2,,,,grooveshark,,,,,
Cajun Fiddle,A,cajun,,~,~,,y,,,,,,mando,owens,,,fiddle slow,,,,,,
Cattle in the Cane,A,bluegrass,,y,~,,y,,y,,,,grooveshark,matt raum,mando,guitar,fiddle,fiddlelesson2,,,,,
Cherokee Shuffle,A,bluegrass,,y,y,~,y,y,y,y,,,grooveshark,bill keith,geslison,,mando,flesson,mando lesson,,,,
Cherokee Trail,Em,old time,,y,~,,y,,,,,,original,fiddle/geet,mandozine,trad library,mando,medley,,,,,
Cheyenne,Bb/Gm,bluegrass,,y,y,,y,,y,,,,allstar jam,tony rice,,,,,,,,,
Chinquapin Hunting,D,bluegrass,,y,y,,~,,,,,,,,,,mando,,,,,,
Chinquapin Hunting,A,old time,,,,,*,,,,,,bruce molsky,,,,,,,,,,
Clinch Mountain Backstep,A,bluegrass,,*,*,,,,y,,,,boxcars,mandolin,,,,,,,,,
Cluck Old Hen,Am,old time,,y,y,yDm,y,y,,y,y,,krauss/hull,o'brien/herrmann,,,fiddle,lyrics,,,,,
Cold Frosty Morning,Am,bluegrass/old time,,y,y,*,y,y,,y,y,,mando,mando2,stand. not.,mel bay,ian walsh,baldassari,,,,,
Coleman's March,D,old time,march,y,y,,y,,,,,,the press gang,mando,,,flesson,clawhammer,old guys,,,,
Como Llora Una Estrella,Dm,venezuelan,,y,*,,,,,,,,,,,,,,,,,,
Concerto for Two Mandolins,G,baroque,concerto,,,,,,,,,,,live video,stand not,SN:Andante,,,,,,,
Connaughtman's Rambles,G,irish,jig,y,*,y,y,,,,,,harmonica+Cpt,,mando,,,,,,,,
Connie O'Connell's,G,irish,reel,,,,y,,,,,,,,,,kburke,,,,,,
Cooley's Reel,Em,irish,reel,,,~,y,,,,,,,,,,iwalsh,,,,,,
Cottage Groves,D,irish,reel,,,,y,,,,,,fiddle,,,,kburke,,,,,,
Cotton Patch Rag,C,,rag,y,,,*,,,,,,group,,,,,,,,,,
Cricket on the Hearth,D,bluegrass,reel,y,y,,y,,y,,,,baker,cello,fiddlers,sheet,,bryan sutton,,,,,
Cripple Creek,A,bluegrass,,y,y,,y,y,y,,,,grooveshark,,,,fiddle,,,,,,
Crossing the Shannon,,,,*,*,*,,,,,,,the press gang,,,,,,,,,,
Cuckoo's Nest,,,,,,,,,,,,,norman blake,,,,,,,,,,
Cumberland Mountain Deer Chase,,old time,,,,,,,,,,,dave macon,red clay ramblers,pete seeger,old guy,,,,,,,
Da Ship Fully Rigged,,scottish,reel,,,,y,,,,,,,,,,,,,,,,
Da Ship Newly Rigged,,scottish,jig,y,y,y,y,,,,,,abby newton,kids,,,,,,,,,
Da Slockit Light,,scottish,slow air,,,,y,,,,,,,,,,,,,,,,
Daley's Reel,Bb,bluegrass,reel,,~,,y,,y,,,,grooveshark,,,,,,,,,,
Dan Collins' Father's Jig,D,irish,jig,,,,y,,,,,,,,,,kburke,,,,,,
Dawg's Waltz,D,,,y,y,,,,,,,,,,,,,,,,,,
Devil's Dream,A,bluegrass,,y,y,y,y,,,y,,,,,,,fiddle,,,,,,
Diadem,Gm,,,y,*,,,,,,,,sam bush,,,,,,,,,,
Dick Gossip's Reel,,irish,reel,,,,y,,,,,,,,,,fiddle,,,,,,
Dixie Hoedown,G,bluegrass,,y,y,,y,,,,,,grooveshark,,,,,,,,,,
Donaldson Run,G,original,,y,y,,y,,y,,,,,,,,,,,,,,
Done Gone,Bb,bluegrass,,y,~,,~,,,,,,grooveshark,,,,fiddle,fingering,,,,,
Down to the River to Pray,D,bluegrass,hymn,y,y,,y,,,,,,,,,,,banjo,,ADAD,,,
"Drunk at Night, Dry in the Morning",,scottish,waltz,,,~,y,,,,,,ossian,newton,,,,,,,,,
Dry and Dusty,D,old time,,y,y,,y,,,,,,,,,,,,,,,,
Duck River,D,old time,reel,y,y,!,y,,y,,,,b. haas,ian walsh,,,haas,,,,,,
Durang's Hornpipe,D,irish,hornpipe,y,y,,y,,y,y,,,guitar,steffey,don stiernberg,,, NE fiddle,texas style,,,,
Dusty Miller,Am,bluegrass/old-time,,~,~,,*,,,,,,texas shorty,,,,,,,,,,
Earl's Chair,D,irish,reel,y,y,y,y,,,,,,fiddle1,group,mando/flute,,,info,grooveshark,,,,
East Tennessee Blues,C,bluegrass,,y,y,,y,,y,y,,,gs playlist,,guitar,,johnflesson,,,,,,
Egan's Polka/Kerry Polka,D,irish,polka,,,,y,,,,,,fiddle,,,,,,,,,,
Eighth of January,D,bluegrass,,y,y,y,y,,y,y,,,grooveshark,,,,johnflesson,,,,,,
El Morenito,D,venezuelan,,y,,,,,,,,,marshall/licht.,amazon,,,,,,,,,
Faded Love,?,country,two-step,,,,y,,,,,,fiddle,,,,flesson,,,,,,
Fanny Power,G,irish,,,,,y,,,,,,,,,,,,,,,,
Farewell to Trion,C,old time,,y,y,y,y,,,,,,james bryan,yt,mando,,,,learn in D?,,GCGD,,
Fiddler's Dram,D,old time,,*,*,,*,,y,y,,,group,mando,,,,,,,,,
Fiddler's Dream,G,bluegrass,,y,y,,*,,,,,,grooveshark,foghorn,spotify,,,,,,,,
Fine Times at Our House,A,old time,,,,,y,,,,,,,group,,,,,,,,,
Fire on the Mountain,A,bluegrass,,y,y,*,~,,,,,,walsh,,cafe,steffey's book,johnfiddle,,,,,,
Fireball Mail,G,bluegrass,,,,,,,,,,,flatt&scruggs,acuff,,,jflesson,,,,,,
Fisher's Hornpipe,D/A,bluegrass,hornpipe,y,~,,y,,y,y,,,reel fiddle,,,,,,,,,,
Flannery's Dream,,old time,,*,*,,y,,,,,,hartford,,,,,,,,,,
Flop Eared Mule,G/D,bluegrass,,y,y,,y,,,,,,,,,,,,,,,,
Forked Deer,D/A,bluegrass/old-time,,y,y,y,y,y,y,y,,,grooveshark,group,mando,,iwalsh,haynie,molsky otune,,,,
Frieze Britches,D,irish,jig,y,,,y,,,,,,fiddle,clawhammer,,,,fiddle,,,,,
Georgia Railroad,,,,,,,,,,,,,blakes,,,,,,,,,,
Georgia Stomp,?,bluegrass,stomp,*,*,,,,,,,,johnson mt boys,,,,david vid,,,,,,
Girl I Left Behind Me,G,old time,,y,y,y,y,,,,,,grooveshark,,cafe,,,,,,,,
Girl with the Blue Dress On,C,old time,,y,y,,*,,,,,,hartford,,,,,,,,,,
Gold Mountain Blues,Dm,old time,,y,,,y,,,,,,,,,,,,,,,,
Gold Rush,A,bluegrass,,y,y,,y,,y,y,,,nice pace,tony rice unit,mandozine,,,berline/monroe,,,,,
Golden Eagle Hornpipe,G,irish/bluegrass,hornpipe,y,y,,y,,y,y,,,,angor/law duet,,,iwalsh,,,,,,
Golden Slippers,D,bluegrass,,y,y,,y,,,,,,matt raum,,cafe,raum tab,fiddle,yt fiddle,,,,,
Goodbye Liza Jane,A,bluegrass,,,,,y,,,,,,,,,,,,,,,,
Georgia Horseshoe,A,old time,,,,,~,,,,,,,,,,,,,,AEAE,,
Green Castle Hornpipe,D,,hornpipe,y,y,,y,,,,,,octave mando,,,,,,,,,,
Grey Eagle,A,bluegrass,reel,y,y,,*,,y,y,,,O'Connor,old time,,,,,,,,,
Hangman's Reel / Reel Du Pendu,A,,reel,,,,~,,y,,,,,,,,flesson,tuning: AEAC#,,,,,
Harvest Home,D,irish,hornpipe,y,y,y,y,,,,,,ian walsh,,,,,,,,,,
High on the Mountain,G ,bluegrass,,y,y,,,,y,,,,del band,,,,,,,,,,
High Road,Em,bluegrass,,y,y,,y,,y,,,,bryan sutton,tim o'brien,banjo3 finger,,guitar,,,,,,
Honky Tonk Swing,C,bluegrass,,y,y,,*,,,,,,mike compton,2 mando players,,,,,,,,,
Hop the Fence,D,bluegrass,,y,y,,y,,,,,,mando and fiddle,,,,,,,,,,
Humours of Tulla,G,irish,reel,,,y,y,,,,,,group,banjo,,,,,,,,,
Hut on Staffin Island,?,scottish,,y,y,y,y,,,,,,cunningham,,,,,,,,,,
I Get My Whiskey From Rockingham,,old time,,,,*,*,,,,,,molsky,,,,,,,,,,
I Remembered When I Knew,,,,y,y,,,,,,,,joe walsh,,,,,,,,,,
Independence,G,irish,hornpipe,*,*,,y,,,,,,fiddle,,,,,,,,,,
Indian Ate a Woodchuck,D,old time,reel,,,,y,,,,,,jam,jam2,sheet,,,,,,,,
Irish Washerwoman,G,irish,jig,y,*,,y,,,,,,,,mando,,fiddle,mando lesson,,,,,
Itzikel / Frailach,?,,,,,,y,,,,,,burke,group,guitar,,,,,,,,
Jean's Reel,D,irish/scottish,reel,,,,y,,,,,,,,,,iwalsh,,,,,,
Jenny Baker,D,old time,,y,y,,y,,,,,,jimmy johnson,,,,,,,,,,
Jenny Lynn,A,bluegrass,,y,y,,*,,,,,,monroe,mandoliniana,compton,,,,,,,,
Jenny Run Away in the Mud in the Night,A,old time,,,,,y,,,,,,,,,,,,,,AEAE,,
Jerusalem Ridge,Am,bluegrass,,y,y,,y,y,y,y,y,,baker,o'brien&thile,mcreyn,mandolesson,fiddle,fiddle2,flamekeeper,mcafe,mtab,chords+geet,monroe recording
John Brown's March,G,old time,,y,y,*,?,y,,,,,string band,,,,,,,,,,
John Leary's Slide,D,irish,slide,*,,,y,,,,,,,,the session,,,,,,,,
Johnny Don't Get Drunk,D,old time,,*,*,*,*,y,,,,,Adam Steffey,group,,,,,,,,,
Jolie Blon,G,cajun,waltz,,,,y,,,,,,,,,,,,,,,,
June Apple,A,bluegrass,,y,y,,y,y,y,y,,,haas,gs list,,,fiddle,clawham,,,,,
Katy Hill,G,bluegrass,,~,~,,y,,,,,,,,mando (2nd pos),,walsh,,,,,,
Katy Did,C,old time,reel,,,,y,,,,,,stokes,,,,molsky peghead,,,,,,
Kelsterne Gardens,Dm,english,country dance,y,,,y,,,,,,dancing,,sheet,,,,,,,,
Kentucky Mandolin,Gm,bluegrass,,y,y,,*,,,,,,monroe,,,,,,,,,,
Kentucky Waltz,D,bluegrass,waltz,y,y,,y,,,,,,doc&dawg,del,,,fiddle,,,,,,
Kesh Jig,G,irish,jig,y,y,y,y,,,,,,BRIMS,grooveshark,mandozine,,,,,,,,
Kid on the Mountain,Em,irish,slip jig,~,y,,,,,,,,,,,,,,,,,,
King of the Fairies,Em,irish,hornpipe,y,y,y,y,,,,,,mando,,,,,,,,,,
Kitchen Girl,Am,bluegrass/old time,?,y,y,,y,y,,y,,,grooveshark,,,,,,,,,,
La Partida,Bm,venezuelan,waltz,,,,y,,,,,,accordion,guitar,mando,guitar,fiddle,mandos,,,,,
Lad O'Beirn's Hornpipe,G,irish,hornpipe,,,,y,,,,,,info,first song,,,,,,,,,
Lark in the Morning,D,irish,jig,y,*,,y,,,,,,ian walsh,,the session,mando,,,,,,,
Last Night's Fun,A,irish,reel,y,~,,y,,,,,,ultimate pickin,,,,,,,,,,
Leather Britches,G,bluegrass,,y,y,,y,,y,y,,,ian walsh,sam bush,mandozine,,bush book,haynie,,,,,
Liberty,D,old time,,y,y,,y,,y,,,,,,,,fiddle,,,,,,
Lighthousekeeper's Waltz,G,irish,waltz,*,*,y,y,,,,,,,,,,,,,,,,
Lilting Banshee,Am,irish,jig,y,y,*,y,,,,,,,mandolin,,,fiddle,,,,,,
Little Rabbit,A,old time,,y,y,,y,,,,,,grooveshark,yt fiddle,,,,,,,,,
Lonesome Moonlight Waltz,F,bluegrass,waltz,y,y,*,y,,y,,,,pikelny,,,,,,,,,,
Long March Through Texas,,,,,,,,,,,,,,,,,,,,,,,
Lost Girl,G,old time,,y,y,,*,,,,,,ephemeral string,fiddler+molsky,,,,,,,,,
Lost Indian,D,bluegrass,,y,y,,y,,,,,,baker,random jam,,,,,,,,,
Lost Indian,A,old time,,,,,y,,,,,,,,,,,,,,AEAC#,,
Lucy Farr's,,,,y,y,~,,,,,,,the press gang,,,,,,,,,,
Maid Behind the Bar,D,irish,reel,y,y,,y,,,,,,grooveshark,fleck & o'connor,,,,,,,,,
Maiden's Prayer,A,bluegrass,,y,y,,y,,y,,,,,,,,iwalsh,,,,,,
Man From Bundoran,Em,irish,reel,,,y,y,,,,,,,,,,,,,,,,
Mason's Apron,A,irish,reel,y,,,y,,,,,,kevin burke,,cafe,mando,,,,,,,
Maury River Blues,Am,bluegrass,,y,y,,y,,,,,,yt,,,,,,,,,,
Maydelle's Reel,E,bluegrass,reel,y,y,,y,,y,,,,jam,kelly lancaster,,,,old town album,,,,,
McCoury Blues,E,bluegrass,,y,y,,,,,,,,mccoury,,,,,,,,,,
Methodist Preacher,G,bluegrass,,y,y,,y,,,,,,bill monroe,all star jam,,,,fiddle,,,,,
Micko Russell's Slide,D,irish,slide,*,,,y,,,,,,info,,,,,,,,,,
Midnight on the Water,D,old time,waltz,,,*,y,,y,,,,ungar live,,,,,,,,,,
Milford's Reel,D,bluegrass,reel,y,y,,,,,,,,pikelny et al,,cafe,,,,,,,,
Miller of Droghan,A,irish,reel,,,,y,,,,,,,,,,kburke,,,,,,
Miller's Reel,A,bluegrass,reel,y,y,,y,,~,,,,yt fid+mando,,,,,,,,,,
Misip,D,old time,reel,y,y,,y,,,,,,,,,,,,,,,,
Miss Macleod's Reel,A/D,scottish,reel,y,,,y,,,,,,tons of info,baldassari (in G),mando (in A),,fiddle (in A),,,,,,
Mississippi Sawyer,D,old time,,,,,*,y,,,,,mcgee,,,,duncan,,,,,,
Mississippi Waltz,F,bluegrass,,y,y,,~,,,,,,mandolin,thile/daves,kenny baker,cafe,,,,,,,
Moldavian Dance Tune,D/Dm,traditional,,y,y,,y,,,,,,,,,,,,,,,,
Mon Chéré Bébé Creole,?,cajun,waltz,,,,y,,,,,,mcgee,,,,,,,,,,
Money's All Gone,?,bluegrass,,y,~,,,,,,,,what's doin cd,,,,,what's doin cd,,,,,
Monroe's Hornpipe,A,bluegrass,hornpipe,y,y,,y,,y,y,,,,,,,,,,,,,
Morgan Magan,D,irish,,y,~,,y,,,,,,baldassari,slow mando,sheet1,sheet2,,group,clawhammer,,,,
Morning Dew,Em,irish,reel,,,,y,,,,,,iwalsh,,,,,,,,,,
Mouth of the Tobique,G,french canandian,reel,y,y,~,y,,,,,,grooveshark,shannon,,,,,,,,,
My Rag,D,,reel,y,~,,,,,,,,hartford,,,,,,,,,,
New Century Hornpipe,D,,,y,y,y,,,,,,,fiddle,,,,,,,,,,
Niel Gow's Lament For His 2nd Wife,D,scottish,slow air,y,y,,y,,,,,,slow air style,faster mando,mando,,,,,,,,
Oak Ridge Stomp,D,old time,,,,,y,,,,,,,,,,,,,,,,
Off to the Races,G,irish,jig,,,,y,,,,,,,,,,kevin burke,,,,,,
Old Dangerfield,A,bluegrass,,y,y,,y,,y,y,,,grooveshark,monroe live,mando,,,hull on octave,,,,,
Old French,D,,hornpipe,y,y,,y,,,,,,mando & fiddle,fiddles&accordion,session,,,,,,,,
Old Joe Clark,A,bluegrass,,y,y,y,y,y,y,y,,,monroe,rushad,mandozine,,,,,,,,
Old Town,E,bluegrass,,y,,,,,,,,,,,,,,old town album,,,,,
Out on the Ocean,G,irish,jig,y,,y,y,,,,,,fiddles,guitar lesson,fiddle,BRIMS,fiddle ok,,,,,,
Over the Road to Maysville,,old time,,*,*,,~,,,,,,hartford,,,,,,,,,,
Over the Waterfall,G,bluegrass,reel,y,y,,,,,,,,cape cod fiddlers,thile,,,,,,,,,
Over Yonder,G,bluegrass,,y,,,,,,,,,,,,,,,,,,,
Pachelbel's Canon (reel style),D,irish,reel,y,y,,y,,,,,,ian walsh,,,,,,,,,,
Panhandle Rag,,,,y,y,,y,,,,,,berline,,,,,,,,,,
Paris Nights,Am,,,y,,,,,,,,,,,,,,,,,,,
Pig's Foot,G,old time,,y,y,y,y,y,y,y,,,ungar/molsky,,,,,,,,,,
Planxty Hewlett,D,irish,waltz,y,~,*,y,,,,,,mando,,,,,,,,,,
Planxty Irwin,,irish,waltz,,,y,*,,,,,,fiddle-guitar,planxty,,,,,,,,,
Piney Woods,A,old time,,,,,*,,,,,,,,,,,,,,,,
Poor Richard's Blues,Gm,bluegrass,,y,~,,,,,,,,sam bush,,,,,author: bush,,,,,
Possum's Tail is Bare,D,old time,,y,y,y,y,y,y,y,,,fiddle,melvin wine,stand.notation,,fiddle,story,,,,,
Pretty Little Indian,,bluegrass,reel,y,y,,y,y,,,,,stecher,,,,,,,,,,
Proud Boys of Manassas,,,,,,,,,,,,,,,,,,,,,,,
Queen Of The Rushes,D,irish,jig,,,,y,,,,,,,,,,ian walsh,,,,,,
Quicksburg Rendezvous,,bluegrass,,y,y,,,,,,,,mccoury,,,,,,,,,,
Rachael,,bluegrass,reel,y,y,,,,,,,,,,,,,,,,,,
Ragtime Annie,D,bluegrass,,y,y,,y,,,,,,byron berline,thile,,,iwalsh,,,,,,
Rambling Pitchfork,D,irish,jig,y,y,,y,,,,,,grooveshark,coo fiddle,,,,,,,,,
Rawhide,C,bluegrass,,y,~,,*,,,,,,Bill Monroe,,,,,,,,,,
Red Haired Boy,A,bluegrass/irish,reel,y,~,,y,y,y,y,,,,,,,yt fiddle,,,,,,
Red Prairie Dawn,,,,,,y,,,,,,,,,,,,,,,,,
Red Wing,,old time/bluegrass,,y,,y,y,,,,,,,,,,,,,,,,
Remington Ride,,bluegrass,,,,,,~,,,,,,thile,,,,group,,,,,
Road to Columbus,,bluegrass,reel,y,y,,y,,y,y,,,,,,,,,,,,,
Road to Lisdoonvarna,Em,irish,,y,y,~,,,,,,,mandolin,greg joy,,,,,,,,,
Road to Malvern,A,old time,,y,y,,y,,y,y,,,group,mando,banjo ex,clawhammer2,,,,,,,
Roanoke,G,bluegrass,,,,,y,y,y,,,,monroe,mandolin lesson,,,,,,,,,
Rolling Ridge,,,,y,y,y,?,,,,,,,,,,,,,,,,
Roly Poly,G,texas swing,,y,y,,,,,,,,,,,,,,,,,,
Rose In The Heather,D,irish,jig,,,,y,,,,,,ian walsh,burke/coulter,,,,,,,,,
Saddle the Pony,G,irish,jig,y,y,,y,,,,,,youtube,,,,,,,,,,
Sail Away Ladies,,irish,,,,y,~,,,,,,,,,,,,,,,,
Sailor's Bonnet,D,irish,reel,,,,y,,,,,,group,burke,,,,,,,,,
Sailor's Hornpipe,G,irish,hornpipe,y,y,,y,,y,y,,,,,,,,,,,,,
Saint Anne's Reel,D,irish,reel,y,y,y,y,y,y,y,,,baldassari,,,,fiddle,,,,,,
Sal's Got Mud Between Her Toes,?,old time,,,,, ,,,,,,fiddle & banjo,,,,,,,,,,
Salamanca,D,irish,reel,,,,y,,,,,,,,,,,,,,,,
Sally Gardens,G,irish,reel,,,y,y,,,,,,,,,,,,,,,,
Sally Gooden,A,bluegrass,,y,y,,*,,~,~,,,,,,,iwalsh,,,,,,
Salt Creek,A,bluegrass,,y,y,,y,y,y,y,,,,,mandozine,stand. not.,fiddle,mando,,,,,
Salt Spring,,,,y,y,,y,,,,,,,,,,,,,,,,
Sandy River Belle,G,old time,,y,y,,,y,,,,,april verch band,geet/banj duo,,,,,,,,,
Say Darlin' Say,D,old time,,y,y,y,,,,,,,hargreaves,,,,,,,,,,
Scotland The Brave,D or G,scottish,polka,,,,y,,,,,,meh fiddle1,funny,meh fiddle2,,,,,,,,
Seneca Square Dance,G,old time,sq dance,y,y,y,y,,,,,,grooveshark,youtube,tab,,,,,,,,
Shady Grove,Dm,folk/old time,,y,y,,y,y,,,,,grisman-garcia,mandolin lesson,,,fiddle,,,,,,
Shenandoah Breakdown,A,bluegrass,,y,y,,y,,,,,,,,mando,,,,,,,,
Si Bheag Si Mhor,D,irish,waltz,y,y,,y,y,y,y,,,mando,mando,mando,mando,fiddle,guitar,,,,,
Silver Bells,G or D,,,y,y,,,,,,,,,archives,D notation,,,,,,,,
Silver Spear,D,irish,reel,,,,y,,,,,,silver spear,,,,,,,,,,
Skye Boat Song,G,scottish,waltz,~,~,,*,,,,,,CFF,,,,,,,,,,
Slocum Hollow,G,bluegrass,,y,y,,,,,,,,old town album,,,,,,,,,,
Smash The Windows,D,irish,jig,y,y,,y,,,,,,grooveshark,,,,,,,,,,
Snake River Reel,D,old time,reel,y,y,,y,y,y,y,,,mando,banjo&fiddle,sheet+tab,,,Merriweather,,,,,
Soldier's Joy,D,bluegrass,reel,y,y,y,y,y,y,y,,,baldassari,,,,,,,,,,
Spotted Pony,D,old time,,y,y,y,y,y,y,y,,,fiddle,clawhammer,group,,,,,,,,
Squirrel Heads and Gravy,,old time,,~,~,,,,,,,,corn potato band,two banjos,loud brewery,,,,,,,,
Squirrel Hunters,A,old time,,y,y,,,~,,,,,hartford,,,,,,,,,,
Stoney Lonesome,A,bluegrass,,y,y,,y,,y,,,,,,,,,,,,,,
Stoney Point,G,bluegrass,,y,y,,y,,y,,,,,friends of..,,,fiddle,,,,,,
Sugar in the Gourd,A,bluegrass,,y,y,,*,,,,,,somerville band,way fast w/ ridick intro,,,,,,,,,
Swallowtail Jig,Am,irish,jig,y,y,,y,,,,,,slow to fast,,,,,,,,,,
Sweet Liza Jane,A,old time,,y,y,,y,,,,,,,,,,,,,,,,
Swinging on a Gate,G,irish,,y,y,y,y,,,,,,,,,,,,,,,,
Tam Lin,Dm,irish/scottish,reel,y,y,,y,,,,,,,outdoor pickers,,,,,,,,,
Temperance Reel,G,bluegrass,reel,y,y,y,y,,y,y,,,bryan sutton,3 fiddlers,,,,,,,,,
Tenessee Waltz,D,old time,waltz,y,y,y,y,,y,y,,,,,,,,,,,,,
Tennessee Blues,A,bluegrass,,y,y,,,,,,,,thile/daves,,,,,,,,,,
Texas Gales,C,bluegrass,,y,y,*,y,,y,,,,compton/flinner,blake/rice,,,,sutton,rushad,,,,
Tobin's Favorite,D,irish,jig,y,y,,y,,,,,,info,nice version,,,,fiddle2nd,grooveshark,,,,
Tom Billy's Jig,,irish,jig,,,,y,,,,,,w/roseheather,tab,,,sloppy fiddle closeup,,,,,,
Turkey in the Straw,G,old time,,y ,y,*,y,,y,y,,,good speed,do iwalsh version,,,,bush book,,,,,
Uncle Herman's Hornpipe,D,irish,hornpipe,y,y,,*,,,,,,,fiddle,,,,,,,,,
Up and Around the Bend,,bluegrass,,y,y,,y,y,,,,,,,,,,,,,,,
Viens Me Chercher,?,cajun,waltz,*,*,,y,,,,,,midnite ramblers,,,,fiddle,,,,,,
Virginia Darlin',A,bluegrass,,y,y,,y,,,,,,monroe,,,,,,,,,,
Walking In My Sleep,G,bluegrass,,y,y,,y,,,,,,iwalsh,,,,,,,,,,
Waverly,G,old time,,y,y,y,,,,,,,hargreaves,,,,,,,,,,
Wayfaring Stranger,Gm,bluegrass,spiritual,y,y,*,y,,,,,,extravaganza,,,,iwalsh,,,,,,
Weave and Way,F,bluegrass,,y,,,,,,,,,guitar,michelle shocked,bush book,,,,,,,,
West Fork Gals,D,old time,,y,y,,,,,,,,hartford,,,,,,,,,,
Westphalia Waltz,,bluegrass,waltz,y,y,y,y,,,,,,extravaganza,,,,,,,,,,
Wheel Hoss,G,bluegrass,,y,y,,y,,y,y,,,grooveshark,"bush,hicks,brown",,,fiddle,mando,,,,,
Where I Was Last Night,G,irish,waltz,y,y,y,y,,,,,,natalie haas,,,,,,,,,,
Whiskey Before Breakfast,D,bluegrass,reel,y,y,y,y,y,y,y,y,~,nice arr,yt fiddler,,,guitar,,,,,,
Wildwood Flower,,old time,,*,*,,,,,,,,thile,guitar,flatt/scruggs,carter family,emmylou,,,,,,
Woodchopper's Reel,D,bluegrass,reel,y,y,,y,y,y,y,,,groove,clawhammer,baldassari tab,mando,johnflesson,group,other group,,,,
Wren,Am,breton,reel,y,y,y,y,,,,,,group,slow,info,,,mando,,,,,
Old Maid of Galway,Bm,irish,reel,y,y,,y,,,,,,,,,,,,,,,,
Blue Yodel No. 4,A,bluegrass,,y,y,,,,,,,,,,,,,,,,,,
Down in the Swamp,E,bluegrass,,y,y,,y,,,,,,,,,,,,,,,,
Rocky Road Blues,A,bluegrass,,y,y,,,,,,,,,,,,,,,,,,
True Life Blues,A,bluegrass,,y,y,,,,,,,,,,,,,,,,,,
Bandura Waltz,Am,e. european,waltz,,,y,,,,,,,,,,,,,,,,,
Martin O'Connor's,D,irish,polka,y,y,,,,,,,,,,,,,,,,,,
Panhandle Country,C,bluegrass,reel,,,,*,,,,,,monroe,,,,,,,,,,
L&N Railroad Rag,C,,rag,y,y,,y,,,,,,,,,,,,,,,,